window_size,perplexity
50,67.13984409988089
100,50.85482944648511
200,42.394417406079945
300,38.35268771071773
500,33.56405762681536
1000,29.824086368921762
