window_size,perplexity
50,114.63073565464789
100,92.49305943493846
200,79.9271785374415
300,75.56792067577051
500,66.27627529261991
1000,58.52988025730269
