window_size,perplexity
50,61.1105088987813
100,46.76410172214602
200,38.507878909863436
300,34.514553989174715
500,30.836299272573353
1000,27.946266069622357
