window_size,perplexity
50,297.9882525652207
100,237.4685330602344
200,137.01255707334852
300,102.79469630552647
500,83.643511206765
1000,67.20860048317006
