window_size,perplexity
50,106.25280961773872
100,85.58442021081564
200,76.72357887867663
300,73.84266773570602
500,65.35857359190449
1000,59.901615758416426
