window_size,perplexity
50,101.26507248186478
100,86.92970475872384
200,61.69665228281504
300,54.29823992495755
500,41.92077784713628
1000,34.946157743959816
