window_size,perplexity
50,64.94579920344125
100,49.520924929945785
200,41.22944353620492
300,37.2504645242791
500,32.3643975992921
1000,28.840712887280514
