window_size,perplexity
50,83.13429363895573
100,59.10092281530093
200,47.641774390411875
300,42.56585042658341
500,35.74239897502802
1000,31.11100044361294
