window_size,perplexity
50,98.80675756545767
100,70.57985928077062
200,56.608292989706115
300,51.11724592675103
500,40.453181571284155
1000,33.884628730431785
