window_size,perplexity
50,67.39040554247399
100,51.21909354467557
200,43.05053749720041
300,38.92621596187184
500,33.567181287721795
1000,29.806190820794054
