window_size,perplexity
50,63.08484057741658
100,48.42274958883924
200,39.96467264723925
300,35.963783109108654
500,31.45145937208501
1000,28.287032574327036
