window_size,perplexity
50,116.7926207077507
100,72.67601332469734
200,51.91831805376535
300,45.39338911769041
500,37.50805551426517
1000,32.11628922207305
