window_size,perplexity
50,70.62651015311324
100,53.49550541921936
200,44.61819839040436
300,40.05783812262425
500,34.3361208269464
1000,30.162487322813067
