window_size,perplexity
50,528.7540146689837
100,539.7829782247428
200,474.7986268856323
300,457.87263251454084
500,363.772004309085
1000,361.53057643465127
