window_size,perplexity
50,550.0037941932956
100,530.6927378933683
200,472.7532073059763
300,416.1970940613775
500,401.93734515004826
1000,372.7866003379075
