window_size,perplexity
50,23035.796032685972
100,14591.665065108464
200,9968.935357604096
300,7675.609607580927
500,7587.125412165817
1000,6728.660247906676
