window_size,perplexity
50,207.92164202461117
100,165.0137638964387
200,147.3974752667994
300,128.90937447115562
500,123.14923690826856
1000,117.26619909429832
