window_size,perplexity
50,346.6442984802568
100,332.8653049049875
200,270.7021523212545
300,255.59907040262146
500,255.45239468761866
1000,228.2469249528717
