window_size,perplexity
50,1472.162288680108
100,1010.9120552309853
200,835.374251498411
300,733.9294859794842
500,705.9126704633602
1000,630.6087914453079
