window_size,perplexity
50,9403.773041671557
100,6195.064343591737
200,4539.209338575375
300,4019.535916240061
500,3660.457728099283
1000,3305.960734046819
