window_size,perplexity
50,4434.91390790153
100,3293.9312907009025
200,2554.4561052475046
300,2103.1316861809655
500,1911.9578990153218
1000,1891.0330979907496
