window_size,perplexity
50,2333.8654205153894
100,1919.4832665554036
200,1460.1358123186671
300,1265.0865180034752
500,1324.0422620796385
1000,1138.5908776336983
